FirstName,LastName,Sex,Phone,Date of birth,JobTitle
Shelby,Terrell,Male,001-084-906-7849x73518,1945-10-26,Games developer
Phillip,Summers,Female,214.112.6044x4913,1910-03-24,Phytotherapist
Kristine,Travis,Male,277.609.7938,1992-07-02,Homeopath
Yesenia,Martinez,Male,584.094.6111,2017-08-03,Market researcher
Lori,Todd,Male,689-207-3558x7233,1938-12-01,Veterinary surgeon
Erin,Day,Male,001-171-649-9856x5553,2015-10-28,Waste management officer
Katherine,Buck,Female,+1-773-151-6685x49162,1989-01-22,Intelligence analyst
Ricardo,Hinton,Male,001-447-699-7998x88612,1924-03-26,Hydrogeologist
Dave,Farrell,Male,603-428-2429x27392,2018-10-06,Lawyer
Isaiah,Downs,Male,+1-511-372-1544x8206,1964-09-20,Engineer site
Sheila,Ross,Female,895.881.4746,2008-03-20,Advertising account executive
Stacy,Newton,Male,710.673.3213x80335,1980-10-20,Warden/ranger
Mandy,Blake,Male,(992)466-1305x4947,2007-12-08,Scientist clinical (histocompatibility and immunogenetics)
Bridget,Nash,Female,(216)627-8359,2004-06-28,Social worker
Crystal,Farmer,Male,+1-024-377-5391,1992-03-09,Agricultural consultant
Thomas,Knight,Female,+1-360-880-0766,2006-02-18,Sport and exercise psychologist
Maurice,Rangel,Male,(246)187-4969,2004-08-20,Secretary/administrator
Frank,Meadows,Male,429.965.3902x4447,2008-09-16,Audiological scientist
Alvin,Paul,Male,219.436.0887x07551,1949-05-12,Teacher adult education
Jared,Mitchell,Female,+1-958-849-6781,1921-01-18,Paediatric nurse
Jacqueline,Norton,Female,819.309.7679x59173,1952-10-09,Scientist marine
Colleen,Hatfield,Female,638.584.1090,1949-10-14,Commercial horticulturist
Randy,Barnes,Male,001-960-629-7164x67214,1947-12-30,Outdoor activities/education manager
Janice,Rhodes,Female,001-249-314-9742x6996,1999-11-01,Drilling engineer
Alfred,Mcneil,Female,(468)276-9509x53058,1993-05-28,Systems analyst
Sean,Levine,Male,4915828504,2010-10-09,Conservation officer nature
Louis,Payne,Male,6232695307,1916-01-29,Counsellor
Brittney,Vega,Female,945-739-8686,1932-10-31,Recycling officer
Judy,Buckley,Male,001-654-208-1241x52830,1963-07-28,Art gallery manager
